Data,Ano,Mes,MesNome,AnoCompleto,Emplacamento,Exportacao,Producao
1957-01-01,1957,1,JAN,True,1037.0,,981.0
1957-02-01,1957,2,FEV,True,1262.0,,1103.0
1957-03-01,1957,3,MAR,True,1706.0,,1290.0
1957-04-01,1957,4,ABR,True,1525.0,,1266.0
1957-05-01,1957,5,MAI,True,1698.0,,1439.0
1957-06-01,1957,6,JUN,True,1659.0,,1431.0
1957-07-01,1957,7,JUL,True,1589.0,,1541.0
1957-08-01,1957,8,AGO,True,1810.0,,1483.0
1957-09-01,1957,9,SET,True,1314.0,,1477.0
1957-10-01,1957,10,OUT,True,1176.0,,1501.0
1957-11-01,1957,11,NOV,True,1097.0,,1460.0
1957-12-01,1957,12,DEZ,True,2190.0,,1287.0
1958-01-01,1958,1,JAN,True,1587.0,,1659.0
1958-02-01,1958,2,FEV,True,1715.0,,1810.0
1958-03-01,1958,3,MAR,True,2783.0,,2138.0
1958-04-01,1958,4,ABR,True,2355.0,,2095.0
1958-05-01,1958,5,MAI,True,2537.0,,2373.0
1958-06-01,1958,6,JUN,True,2821.0,,2359.0
1958-07-01,1958,7,JUL,True,2565.0,,2534.0
1958-08-01,1958,8,AGO,True,2664.0,,2463.0
1958-09-01,1958,9,SET,True,1974.0,,2451.0
1958-10-01,1958,10,OUT,True,1839.0,,2505.0
1958-11-01,1958,11,NOV,True,1497.0,,2388.0
1958-12-01,1958,12,DEZ,True,3047.0,,2223.0
1959-01-01,1959,1,JAN,True,2222.0,,2330.0
1959-02-01,1959,2,FEV,True,2436.0,,2365.0
1959-03-01,1959,3,MAR,True,3565.0,,2833.0
1959-04-01,1959,4,ABR,True,3106.0,,2829.0
1959-05-01,1959,5,MAI,True,3522.0,,3198.0
1959-06-01,1959,6,JUN,True,3967.0,,3208.0
1959-07-01,1959,7,JUL,True,3562.0,,3401.0
1959-08-01,1959,8,AGO,True,3508.0,,3395.0
1959-09-01,1959,9,SET,True,2744.0,,3312.0
1959-10-01,1959,10,OUT,True,2556.0,,3401.0
1959-11-01,1959,11,NOV,True,1901.0,,3193.0
1959-12-01,1959,12,DEZ,True,4122.0,,3192.0
1960-01-01,1960,1,JAN,True,2313.0,,2427.0
1960-02-01,1960,2,FEV,True,2598.0,,2461.0
1960-03-01,1960,3,MAR,True,3612.0,,2937.0
1960-04-01,1960,4,ABR,True,3186.0,,2926.0
1960-05-01,1960,5,MAI,True,3681.0,,3297.0
1960-06-01,1960,6,JUN,True,3905.0,,3313.0
1960-07-01,1960,7,JUL,True,3575.0,,3502.0
1960-08-01,1960,8,AGO,True,3521.0,,3459.0
1960-09-01,1960,9,SET,True,2822.0,,3397.0
1960-10-01,1960,10,OUT,True,2612.0,,3508.0
1960-11-01,1960,11,NOV,True,1934.0,,3287.0
1960-12-01,1960,12,DEZ,True,4294.0,,3296.0
1961-01-01,1961,1,JAN,True,1563.0,,1728.0
1961-02-01,1961,2,FEV,True,1814.0,,1811.0
1961-03-01,1961,3,MAR,True,2474.0,,2150.0
1961-04-01,1961,4,ABR,True,2248.0,,2106.0
1961-05-01,1961,5,MAI,True,2516.0,,2381.0
1961-06-01,1961,6,JUN,True,2742.0,,2370.0
1961-07-01,1961,7,JUL,True,2465.0,,2522.0
1961-08-01,1961,8,AGO,True,2463.0,,2508.0
1961-09-01,1961,9,SET,True,1964.0,,2398.0
1961-10-01,1961,10,OUT,True,1799.0,,2379.0
1961-11-01,1961,11,NOV,True,1309.0,,2280.0
1961-12-01,1961,12,DEZ,True,2932.0,,2258.0
1962-01-01,1962,1,JAN,True,2137.0,,2272.0
1962-02-01,1962,2,FEV,True,2529.0,,2253.0
1962-03-01,1962,3,MAR,True,3378.0,,2719.0
1962-04-01,1962,4,ABR,True,3127.0,,2742.0
1962-05-01,1962,5,MAI,True,3469.0,,3189.0
1962-06-01,1962,6,JUN,True,3800.0,,3262.0
1962-07-01,1962,7,JUL,True,3379.0,,3412.0
1962-08-01,1962,8,AGO,True,3353.0,,3503.0
1962-09-01,1962,9,SET,True,2730.0,,3288.0
1962-10-01,1962,10,OUT,True,2516.0,,3320.0
1962-11-01,1962,11,NOV,True,1790.0,,3093.0
1962-12-01,1962,12,DEZ,True,3986.0,,3121.0
1963-01-01,1963,1,JAN,True,1213.0,,1307.0
1963-02-01,1963,2,FEV,True,1585.0,,1333.0
1963-03-01,1963,3,MAR,True,1894.0,,1665.0
1963-04-01,1963,4,ABR,True,1889.0,,1653.0
1963-05-01,1963,5,MAI,True,2107.0,,1878.0
1963-06-01,1963,6,JUN,True,2122.0,,1884.0
1963-07-01,1963,7,JUL,True,1930.0,,1994.0
1963-08-01,1963,8,AGO,True,2037.0,,1986.0
1963-09-01,1963,9,SET,True,1654.0,,1911.0
1963-10-01,1963,10,OUT,True,1496.0,,2083.0
1963-11-01,1963,11,NOV,True,1203.0,,1901.0
1963-12-01,1963,12,DEZ,True,2406.0,,1961.0
1964-01-01,1964,1,JAN,True,1254.0,,1402.0
1964-02-01,1964,2,FEV,True,1458.0,,1411.0
1964-03-01,1964,3,MAR,True,2009.0,,1708.0
1964-04-01,1964,4,ABR,True,1839.0,,1673.0
1964-05-01,1964,5,MAI,True,2037.0,,1882.0
1964-06-01,1964,6,JUN,True,2198.0,,1871.0
1964-07-01,1964,7,JUL,True,1965.0,,2027.0
1964-08-01,1964,8,AGO,True,1961.0,,1947.0
1964-09-01,1964,9,SET,True,1586.0,,1985.0
1964-10-01,1964,10,OUT,True,1471.0,,2078.0
1964-11-01,1964,11,NOV,True,1076.0,,1900.0
1964-12-01,1964,12,DEZ,True,2320.0,,1906.0
1965-01-01,1965,1,JAN,True,1269.0,2.0,1522.0
1965-02-01,1965,2,FEV,True,1613.0,2.0,1481.0
1965-03-01,1965,3,MAR,True,1997.0,2.0,1763.0
1965-04-01,1965,4,ABR,True,1926.0,0.0,1722.0
1965-05-01,1965,5,MAI,True,2179.0,0.0,1873.0
1965-06-01,1965,6,JUN,True,2202.0,0.0,1890.0
1965-07-01,1965,7,JUL,True,2047.0,0.0,1961.0
1965-08-01,1965,8,AGO,True,2136.0,1.0,1844.0
1965-09-01,1965,9,SET,True,1749.0,1.0,1918.0
1965-10-01,1965,10,OUT,True,1586.0,0.0,2015.0
1965-11-01,1965,11,NOV,True,1242.0,1.0,1901.0
1965-12-01,1965,12,DEZ,True,2505.0,0.0,1938.0
1966-01-01,1966,1,JAN,True,1734.0,0.0,2083.0
1966-02-01,1966,2,FEV,True,2175.0,0.0,2311.0
1966-03-01,1966,3,MAR,True,2645.0,0.0,2732.0
1966-04-01,1966,4,ABR,True,2533.0,0.0,2560.0
1966-05-01,1966,5,MAI,True,2921.0,0.0,2875.0
1966-06-01,1966,6,JUN,True,2951.0,0.0,2728.0
1966-07-01,1966,7,JUL,True,2789.0,0.0,2953.0
1966-08-01,1966,8,AGO,True,2963.0,0.0,3218.0
1966-09-01,1966,9,SET,True,2413.0,0.0,2897.0
1966-10-01,1966,10,OUT,True,2219.0,0.0,2272.0
1966-11-01,1966,11,NOV,True,1780.0,3.0,2367.0
1966-12-01,1966,12,DEZ,True,3424.0,0.0,2102.0
1967-01-01,1967,1,JAN,True,1300.0,0.0,1925.0
1967-02-01,1967,2,FEV,True,1205.0,0.0,1476.0
1967-03-01,1967,3,MAR,True,1994.0,3.0,1498.0
1967-04-01,1967,4,ABR,True,1415.0,0.0,1775.0
1967-05-01,1967,5,MAI,True,2203.0,0.0,2138.0
1967-06-01,1967,6,JUN,True,2879.0,0.0,2543.0
1967-07-01,1967,7,JUL,True,2658.0,0.0,2292.0
1967-08-01,1967,8,AGO,True,2660.0,0.0,2603.0
1967-09-01,1967,9,SET,True,2668.0,0.0,2647.0
1967-10-01,1967,10,OUT,True,2769.0,0.0,2999.0
1967-11-01,1967,11,NOV,True,2785.0,0.0,2580.0
1967-12-01,1967,12,DEZ,True,3073.0,0.0,2665.0
1968-01-01,1968,1,JAN,True,2299.0,0.0,2430.0
1968-02-01,1968,2,FEV,True,2448.0,2.0,2317.0
1968-03-01,1968,3,MAR,True,3161.0,0.0,3252.0
1968-04-01,1968,4,ABR,True,3219.0,0.0,3214.0
1968-05-01,1968,5,MAI,True,3448.0,4.0,3505.0
1968-06-01,1968,6,JUN,True,3719.0,1.0,3717.0
1968-07-01,1968,7,JUL,True,3609.0,0.0,3743.0
1968-08-01,1968,8,AGO,True,3823.0,0.0,3730.0
1968-09-01,1968,9,SET,True,3534.0,0.0,3736.0
1968-10-01,1968,10,OUT,True,3664.0,0.0,4143.0
1968-11-01,1968,11,NOV,True,3340.0,0.0,3244.0
1968-12-01,1968,12,DEZ,True,4194.0,0.0,3611.0
1969-01-01,1969,1,JAN,True,3010.0,0.0,3458.0
1969-02-01,1969,2,FEV,True,2986.0,0.0,3134.0
1969-03-01,1969,3,MAR,True,3192.0,0.0,3592.0
1969-04-01,1969,4,ABR,True,3606.0,0.0,3150.0
1969-05-01,1969,5,MAI,True,3598.0,0.0,3740.0
1969-06-01,1969,6,JUN,True,3426.0,0.0,4006.0
1969-07-01,1969,7,JUL,True,3537.0,0.0,4040.0
1969-08-01,1969,8,AGO,True,3939.0,0.0,3747.0
1969-09-01,1969,9,SET,True,2704.0,0.0,3721.0
1969-10-01,1969,10,OUT,True,3131.0,0.0,3412.0
1969-11-01,1969,11,NOV,True,2972.0,0.0,2491.0
1969-12-01,1969,12,DEZ,True,3332.0,4.0,2078.0
1970-01-01,1970,1,JAN,True,2270.0,6.0,2370.0
1970-02-01,1970,2,FEV,True,2269.0,6.0,2452.0
1970-03-01,1970,3,MAR,True,2692.0,7.0,3178.0
1970-04-01,1970,4,ABR,True,3518.0,10.0,3040.0
1970-05-01,1970,5,MAI,True,3418.0,10.0,3030.0
1970-06-01,1970,6,JUN,True,3328.0,11.0,3603.0
1970-07-01,1970,7,JUL,True,3146.0,13.0,3904.0
1970-08-01,1970,8,AGO,True,3449.0,12.0,3687.0
1970-09-01,1970,9,SET,True,3594.0,8.0,3616.0
1970-10-01,1970,10,OUT,True,3621.0,11.0,2859.0
1970-11-01,1970,11,NOV,True,3550.0,14.0,3346.0
1970-12-01,1970,12,DEZ,True,3312.0,14.0,3303.0
1971-01-01,1971,1,JAN,True,2931.0,0.0,3207.0
1971-02-01,1971,2,FEV,True,2668.0,26.0,2642.0
1971-03-01,1971,3,MAR,True,3281.0,80.0,3510.0
1971-04-01,1971,4,ABR,True,2839.0,23.0,3029.0
1971-05-01,1971,5,MAI,True,3344.0,42.0,2831.0
1971-06-01,1971,6,JUN,True,3295.0,43.0,3274.0
1971-07-01,1971,7,JUL,True,2916.0,31.0,3433.0
1971-08-01,1971,8,AGO,True,3044.0,16.0,4143.0
1971-09-01,1971,9,SET,True,3427.0,33.0,2981.0
1971-10-01,1971,10,OUT,True,3713.0,31.0,3544.0
1971-11-01,1971,11,NOV,True,3154.0,20.0,3073.0
1971-12-01,1971,12,DEZ,True,3031.0,19.0,3201.0
1972-01-01,1972,1,JAN,True,3616.0,33.0,3285.0
1972-02-01,1972,2,FEV,True,3110.0,10.0,3088.0
1972-03-01,1972,3,MAR,True,3776.0,37.0,3837.0
1972-04-01,1972,4,ABR,True,3635.0,57.0,3594.0
1972-05-01,1972,5,MAI,True,4488.0,75.0,4606.0
1972-06-01,1972,6,JUN,True,4591.0,43.0,4461.0
1972-07-01,1972,7,JUL,True,4216.0,72.0,4052.0
1972-08-01,1972,8,AGO,True,4659.0,65.0,4971.0
1972-09-01,1972,9,SET,True,4488.0,21.0,4528.0
1972-10-01,1972,10,OUT,True,4779.0,60.0,4805.0
1972-11-01,1972,11,NOV,True,4465.0,35.0,4582.0
1972-12-01,1972,12,DEZ,True,4519.0,36.0,4341.0
1973-01-01,1973,1,JAN,True,4789.0,76.0,4662.0
1973-02-01,1973,2,FEV,True,4711.0,158.0,4656.0
1973-03-01,1973,3,MAR,True,4843.0,34.0,4745.0
1973-04-01,1973,4,ABR,True,5113.0,44.0,4843.0
1973-05-01,1973,5,MAI,True,5490.0,44.0,5888.0
1973-06-01,1973,6,JUN,True,5363.0,110.0,5259.0
1973-07-01,1973,7,JUL,True,5614.0,71.0,5435.0
1973-08-01,1973,8,AGO,True,5816.0,101.0,5752.0
1973-09-01,1973,9,SET,True,5307.0,178.0,5545.0
1973-10-01,1973,10,OUT,True,6120.0,162.0,6245.0
1973-11-01,1973,11,NOV,True,5891.0,239.0,6389.0
1973-12-01,1973,12,DEZ,True,5761.0,167.0,5409.0
1974-01-01,1974,1,JAN,True,4531.0,53.0,4800.0
1974-02-01,1974,2,FEV,True,4443.0,109.0,4741.0
1974-03-01,1974,3,MAR,True,6279.0,139.0,5975.0
1974-04-01,1974,4,ABR,True,5530.0,236.0,6046.0
1974-05-01,1974,5,MAI,True,6092.0,235.0,6383.0
1974-06-01,1974,6,JUN,True,6100.0,98.0,5867.0
1974-07-01,1974,7,JUL,True,6510.0,490.0,6575.0
1974-08-01,1974,8,AGO,True,6591.0,337.0,7588.0
1974-09-01,1974,9,SET,True,6102.0,318.0,7514.0
1974-10-01,1974,10,OUT,True,7682.0,374.0,7704.0
1974-11-01,1974,11,NOV,True,6526.0,248.0,6781.0
1974-12-01,1974,12,DEZ,True,5047.0,295.0,5175.0
1975-01-01,1975,1,JAN,True,5209.0,374.0,5563.0
1975-02-01,1975,2,FEV,True,5254.0,335.0,5702.0
1975-03-01,1975,3,MAR,True,6116.0,501.0,6572.0
1975-04-01,1975,4,ABR,True,6208.0,309.0,7081.0
1975-05-01,1975,5,MAI,True,5695.0,444.0,6468.0
1975-06-01,1975,6,JUN,True,6456.0,304.0,6449.0
1975-07-01,1975,7,JUL,True,6587.0,268.0,6634.0
1975-08-01,1975,8,AGO,True,5821.0,260.0,6160.0
1975-09-01,1975,9,SET,True,6608.0,333.0,6772.0
1975-10-01,1975,10,OUT,True,6452.0,281.0,6718.0
1975-11-01,1975,11,NOV,True,5271.0,490.0,5726.0
1975-12-01,1975,12,DEZ,True,4224.0,517.0,5046.0
1976-01-01,1976,1,JAN,True,5065.0,347.0,5749.0
1976-02-01,1976,2,FEV,True,4936.0,431.0,5347.0
1976-03-01,1976,3,MAR,True,6182.0,535.0,6326.0
1976-04-01,1976,4,ABR,True,5128.0,417.0,5697.0
1976-05-01,1976,5,MAI,True,6069.0,482.0,6155.0
1976-06-01,1976,6,JUN,True,6070.0,546.0,6300.0
1976-07-01,1976,7,JUL,True,6489.0,236.0,7180.0
1976-08-01,1976,8,AGO,True,6744.0,783.0,7474.0
1976-09-01,1976,9,SET,True,7697.0,476.0,8065.0
1976-10-01,1976,10,OUT,True,7205.0,751.0,8090.0
1976-11-01,1976,11,NOV,True,5909.0,514.0,7226.0
1976-12-01,1976,12,DEZ,True,7477.0,566.0,7276.0
1977-01-01,1977,1,JAN,True,6348.0,631.0,7142.0
1977-02-01,1977,2,FEV,True,6584.0,470.0,7467.0
1977-03-01,1977,3,MAR,True,8671.0,514.0,8717.0
1977-04-01,1977,4,ABR,True,6818.0,481.0,7412.0
1977-05-01,1977,5,MAI,True,8927.0,530.0,9626.0
1977-06-01,1977,6,JUN,True,9039.0,392.0,9463.0
1977-07-01,1977,7,JUL,True,7717.0,650.0,8734.0
1977-08-01,1977,8,AGO,True,7950.0,504.0,10344.0
1977-09-01,1977,9,SET,True,7829.0,650.0,8648.0
1977-10-01,1977,10,OUT,True,7235.0,484.0,8498.0
1977-11-01,1977,11,NOV,True,6537.0,622.0,7742.0
1977-12-01,1977,12,DEZ,True,6592.0,499.0,5734.0
1978-01-01,1978,1,JAN,True,6040.0,411.0,6277.0
1978-02-01,1978,2,FEV,True,4880.0,491.0,6686.0
1978-03-01,1978,3,MAR,True,7664.0,485.0,6999.0
1978-04-01,1978,4,ABR,True,6251.0,441.0,6336.0
1978-05-01,1978,5,MAI,True,6289.0,457.0,7037.0
1978-06-01,1978,6,JUN,True,7509.0,542.0,7767.0
1978-07-01,1978,7,JUL,True,6235.0,725.0,7029.0
1978-08-01,1978,8,AGO,True,7349.0,540.0,7927.0
1978-09-01,1978,9,SET,True,7584.0,618.0,6663.0
1978-10-01,1978,10,OUT,True,6061.0,920.0,6983.0
1978-11-01,1978,11,NOV,True,5853.0,1016.0,6470.0
1978-12-01,1978,12,DEZ,True,7176.0,878.0,7475.0
1979-01-01,1979,1,JAN,True,5794.0,545.0,7347.0
1979-02-01,1979,2,FEV,True,5547.0,588.0,6121.0
1979-03-01,1979,3,MAR,True,6017.0,447.0,5109.0
1979-04-01,1979,4,ABR,True,6194.0,853.0,7140.0
1979-05-01,1979,5,MAI,True,6437.0,760.0,7654.0
1979-06-01,1979,6,JUN,True,6691.0,886.0,7664.0
1979-07-01,1979,7,JUL,True,6557.0,1132.0,8348.0
1979-08-01,1979,8,AGO,True,8131.0,1253.0,9158.0
1979-09-01,1979,9,SET,True,6275.0,1062.0,7601.0
1979-10-01,1979,10,OUT,True,7646.0,1411.0,8519.0
1979-11-01,1979,11,NOV,True,6537.0,977.0,7845.0
1979-12-01,1979,12,DEZ,True,6880.0,1341.0,7453.0
1980-01-01,1980,1,JAN,True,6696.0,628.0,7999.0
1980-02-01,1980,2,FEV,True,6840.0,1088.0,7420.0
1980-03-01,1980,3,MAR,True,7130.0,1026.0,8515.0
1980-04-01,1980,4,ABR,True,2799.0,503.0,2069.0
1980-05-01,1980,5,MAI,True,4389.0,1454.0,6982.0
1980-06-01,1980,6,JUN,True,6981.0,1621.0,8309.0
1980-07-01,1980,7,JUL,True,7631.0,1433.0,9552.0
1980-08-01,1980,8,AGO,True,8102.0,1366.0,9429.0
1980-09-01,1980,9,SET,True,7661.0,1525.0,9454.0
1980-10-01,1980,10,OUT,True,8871.0,1212.0,10201.0
1980-11-01,1980,11,NOV,True,8099.0,1402.0,9636.0
1980-12-01,1980,12,DEZ,True,6734.0,1204.0,7897.0
1981-01-01,1981,1,JAN,True,7448.0,1110.0,8720.0
1981-02-01,1981,2,FEV,True,7395.0,1419.0,9042.0
1981-03-01,1981,3,MAR,True,6762.0,1111.0,8737.0
1981-04-01,1981,4,ABR,True,6451.0,1186.0,6939.0
1981-05-01,1981,5,MAI,True,5097.0,951.0,7924.0
1981-06-01,1981,6,JUN,True,4733.0,1336.0,7879.0
1981-07-01,1981,7,JUL,True,3258.0,1290.0,7590.0
1981-08-01,1981,8,AGO,True,4195.0,865.0,3201.0
1981-09-01,1981,9,SET,True,2994.0,667.0,1539.0
1981-10-01,1981,10,OUT,True,2481.0,732.0,2990.0
1981-11-01,1981,11,NOV,True,2777.0,561.0,2832.0
1981-12-01,1981,12,DEZ,True,2347.0,517.0,1919.0
1982-01-01,1982,1,JAN,True,3116.0,274.0,2331.0
1982-02-01,1982,2,FEV,True,3419.0,192.0,3386.0
1982-03-01,1982,3,MAR,True,4112.0,430.0,4438.0
1982-04-01,1982,4,ABR,True,4422.0,202.0,4292.0
1982-05-01,1982,5,MAI,True,4157.0,225.0,4058.0
1982-06-01,1982,6,JUN,True,4425.0,158.0,4394.0
1982-07-01,1982,7,JUL,True,4027.0,150.0,4486.0
1982-08-01,1982,8,AGO,True,3590.0,373.0,4227.0
1982-09-01,1982,9,SET,True,3389.0,257.0,3729.0
1982-10-01,1982,10,OUT,True,2700.0,130.0,3473.0
1982-11-01,1982,11,NOV,True,2039.0,99.0,2904.0
1982-12-01,1982,12,DEZ,True,1861.0,90.0,2282.0
1983-01-01,1983,1,JAN,True,2456.0,23.0,1018.0
1983-02-01,1983,2,FEV,True,2905.0,108.0,2599.0
1983-03-01,1983,3,MAR,True,2986.0,149.0,3408.0
1983-04-01,1983,4,ABR,True,2670.0,5.0,2786.0
1983-05-01,1983,5,MAI,True,2944.0,165.0,3695.0
1983-06-01,1983,6,JUN,True,2961.0,32.0,3405.0
1983-07-01,1983,7,JUL,True,2595.0,48.0,2616.0
1983-08-01,1983,8,AGO,True,3121.0,80.0,2984.0
1983-09-01,1983,9,SET,True,3023.0,53.0,2341.0
1983-10-01,1983,10,OUT,True,3296.0,137.0,2958.0
1983-11-01,1983,11,NOV,True,2707.0,88.0,2529.0
1983-12-01,1983,12,DEZ,True,2909.0,531.0,2896.0
1984-01-01,1984,1,JAN,True,2944.0,32.0,3126.0
1984-02-01,1984,2,FEV,True,3338.0,122.0,3025.0
1984-03-01,1984,3,MAR,True,3499.0,38.0,3495.0
1984-04-01,1984,4,ABR,True,3735.0,37.0,3186.0
1984-05-01,1984,5,MAI,True,4156.0,60.0,4252.0
1984-06-01,1984,6,JUN,True,3821.0,91.0,3885.0
1984-07-01,1984,7,JUL,True,3131.0,198.0,3313.0
1984-08-01,1984,8,AGO,True,3508.0,272.0,4167.0
1984-09-01,1984,9,SET,True,3511.0,137.0,3576.0
1984-10-01,1984,10,OUT,True,4076.0,131.0,3971.0
1984-11-01,1984,11,NOV,True,3619.0,127.0,3803.0
1984-12-01,1984,12,DEZ,True,3546.0,351.0,3318.0
1985-01-01,1985,1,JAN,True,4045.0,143.0,4664.0
1985-02-01,1985,2,FEV,True,3456.0,29.0,3375.0
1985-03-01,1985,3,MAR,True,4125.0,133.0,4489.0
1985-04-01,1985,4,ABR,True,2283.0,264.0,2849.0
1985-05-01,1985,5,MAI,True,2838.0,585.0,3207.0
1985-06-01,1985,6,JUN,True,3773.0,222.0,4490.0
1985-07-01,1985,7,JUL,True,6459.0,212.0,6670.0
1985-08-01,1985,8,AGO,True,5736.0,868.0,6097.0
1985-09-01,1985,9,SET,True,5572.0,516.0,6145.0
1985-10-01,1985,10,OUT,True,6629.0,534.0,6902.0
1985-11-01,1985,11,NOV,True,5756.0,591.0,6177.0
1985-12-01,1985,12,DEZ,True,4992.0,641.0,5201.0
1986-01-01,1986,1,JAN,True,5170.0,407.0,6614.0
1986-02-01,1986,2,FEV,True,5443.0,229.0,6241.0
1986-03-01,1986,3,MAR,True,6705.0,382.0,6606.0
1986-04-01,1986,4,ABR,True,7010.0,425.0,7084.0
1986-05-01,1986,5,MAI,True,6373.0,433.0,6820.0
1986-06-01,1986,6,JUN,True,5706.0,533.0,6920.0
1986-07-01,1986,7,JUL,True,6841.0,543.0,7006.0
1986-08-01,1986,8,AGO,True,6113.0,474.0,6436.0
1986-09-01,1986,9,SET,True,6666.0,217.0,7388.0
1986-10-01,1986,10,OUT,True,6764.0,712.0,6646.0
1986-11-01,1986,11,NOV,True,3129.0,535.0,5838.0
1986-12-01,1986,12,DEZ,True,5933.0,784.0,5035.0
1987-01-01,1987,1,JAN,True,3777.0,359.0,5223.0
1987-02-01,1987,2,FEV,True,4609.0,391.0,4797.0
1987-03-01,1987,3,MAR,True,3915.0,554.0,5543.0
1987-04-01,1987,4,ABR,True,5700.0,884.0,5725.0
1987-05-01,1987,5,MAI,True,4965.0,950.0,6027.0
1987-06-01,1987,6,JUN,True,3499.0,988.0,5938.0
1987-07-01,1987,7,JUL,True,5563.0,1395.0,6152.0
1987-08-01,1987,8,AGO,True,4791.0,882.0,4857.0
1987-09-01,1987,9,SET,True,4584.0,749.0,6097.0
1987-10-01,1987,10,OUT,True,5607.0,1411.0,6234.0
1987-11-01,1987,11,NOV,True,4662.0,1299.0,5971.0
1987-12-01,1987,12,DEZ,True,4713.0,1382.0,5371.0
1988-01-01,1988,1,JAN,True,3661.0,862.0,5499.0
1988-02-01,1988,2,FEV,True,4639.0,1284.0,6130.0
1988-03-01,1988,3,MAR,True,5376.0,1291.0,7196.0
1988-04-01,1988,4,ABR,True,4671.0,1160.0,6004.0
1988-05-01,1988,5,MAI,True,4738.0,1531.0,5737.0
1988-06-01,1988,6,JUN,True,5033.0,1113.0,6795.0
1988-07-01,1988,7,JUL,True,4896.0,660.0,6415.0
1988-08-01,1988,8,AGO,True,5445.0,1432.0,6108.0
1988-09-01,1988,9,SET,True,4010.0,671.0,4441.0
1988-10-01,1988,10,OUT,True,4423.0,971.0,5145.0
1988-11-01,1988,11,NOV,True,4179.0,865.0,5298.0
1988-12-01,1988,12,DEZ,True,3841.0,1084.0,4112.0
1989-01-01,1989,1,JAN,True,2693.0,709.0,4832.0
1989-02-01,1989,2,FEV,True,3207.0,521.0,4448.0
1989-03-01,1989,3,MAR,True,4359.0,931.0,2916.0
1989-04-01,1989,4,ABR,True,2777.0,560.0,2900.0
1989-05-01,1989,5,MAI,True,3038.0,685.0,4044.0
1989-06-01,1989,6,JUN,True,4128.0,1207.0,5261.0
1989-07-01,1989,7,JUL,True,4689.0,1155.0,5251.0
1989-08-01,1989,8,AGO,True,5222.0,933.0,5995.0
1989-09-01,1989,9,SET,True,4984.0,794.0,5625.0
1989-10-01,1989,10,OUT,True,4514.0,723.0,5290.0
1989-11-01,1989,11,NOV,True,4086.0,791.0,4987.0
1989-12-01,1989,12,DEZ,True,4481.0,979.0,5464.0
1990-01-01,1990,1,JAN,True,3554.0,403.0,4515.0
1990-02-01,1990,2,FEV,True,4567.0,281.0,4981.0
1990-03-01,1990,3,MAR,True,2157.0,343.0,4267.0
1990-04-01,1990,4,ABR,True,2808.0,297.0,928.0
1990-05-01,1990,5,MAI,True,3689.0,618.0,3783.0
1990-06-01,1990,6,JUN,True,2349.0,573.0,2741.0
1990-07-01,1990,7,JUL,True,2292.0,202.0,2838.0
1990-08-01,1990,8,AGO,True,3795.0,261.0,4634.0
1990-09-01,1990,9,SET,True,4465.0,708.0,4708.0
1990-10-01,1990,10,OUT,True,4076.0,219.0,5176.0
1990-11-01,1990,11,NOV,True,3753.0,330.0,5045.0
1990-12-01,1990,12,DEZ,True,3808.0,825.0,4603.0
1991-01-01,1991,1,JAN,True,3109.0,136.0,4250.0
1991-02-01,1991,2,FEV,True,2942.0,225.0,3261.0
1991-03-01,1991,3,MAR,True,3381.0,277.0,2949.0
1991-04-01,1991,4,ABR,True,3890.0,248.0,2685.0
1991-05-01,1991,5,MAI,True,3008.0,175.0,3128.0
1991-06-01,1991,6,JUN,True,4293.0,257.0,4603.0
1991-07-01,1991,7,JUL,True,4158.0,307.0,4855.0
1991-08-01,1991,8,AGO,True,4517.0,526.0,5398.0
1991-09-01,1991,9,SET,True,4169.0,287.0,4633.0
1991-10-01,1991,10,OUT,True,4344.0,414.0,5095.0
1991-11-01,1991,11,NOV,True,2141.0,373.0,3730.0
1991-12-01,1991,12,DEZ,True,1512.0,376.0,2128.0
1992-01-01,1992,1,JAN,True,1811.0,346.0,1433.0
1992-02-01,1992,2,FEV,True,1203.0,454.0,1647.0
1992-03-01,1992,3,MAR,True,1844.0,596.0,2347.0
1992-04-01,1992,4,ABR,True,2854.0,425.0,2467.0
1992-05-01,1992,5,MAI,True,2182.0,760.0,2286.0
1992-06-01,1992,6,JUN,True,2408.0,791.0,3382.0
1992-07-01,1992,7,JUL,True,2783.0,699.0,3530.0
1992-08-01,1992,8,AGO,True,2158.0,605.0,3138.0
1992-09-01,1992,9,SET,True,2298.0,979.0,3314.0
1992-10-01,1992,10,OUT,True,2300.0,591.0,3417.0
1992-11-01,1992,11,NOV,True,2225.0,473.0,2606.0
1992-12-01,1992,12,DEZ,True,1593.0,1075.0,1393.0
1993-01-01,1993,1,JAN,True,1908.0,189.0,2208.0
1993-02-01,1993,2,FEV,True,2236.0,546.0,1904.0
1993-03-01,1993,3,MAR,True,3367.0,783.0,3674.0
1993-04-01,1993,4,ABR,True,3008.0,561.0,3479.0
1993-05-01,1993,5,MAI,True,3365.0,712.0,3765.0
1993-06-01,1993,6,JUN,True,3348.0,835.0,3874.0
1993-07-01,1993,7,JUL,True,3251.0,654.0,3764.0
1993-08-01,1993,8,AGO,True,3660.0,744.0,4529.0
1993-09-01,1993,9,SET,True,4107.0,840.0,4940.0
1993-10-01,1993,10,OUT,True,4008.0,555.0,4800.0
1993-11-01,1993,11,NOV,True,3025.0,870.0,4799.0
1993-12-01,1993,12,DEZ,True,3100.0,1299.0,3646.0
1994-01-01,1994,1,JAN,True,2920.0,435.0,3285.0
1994-02-01,1994,2,FEV,True,2853.0,756.0,3350.0
1994-03-01,1994,3,MAR,True,3925.0,813.0,4674.0
1994-04-01,1994,4,ABR,True,3295.0,569.0,3586.0
1994-05-01,1994,5,MAI,True,4201.0,1093.0,5701.0
1994-06-01,1994,6,JUN,True,4136.0,944.0,5383.0
1994-07-01,1994,7,JUL,True,4832.0,1030.0,5742.0
1994-08-01,1994,8,AGO,True,6368.0,1226.0,6047.0
1994-09-01,1994,9,SET,True,4226.0,859.0,4696.0
1994-10-01,1994,10,OUT,True,5156.0,839.0,6011.0
1994-11-01,1994,11,NOV,True,5560.0,980.0,6272.0
1994-12-01,1994,12,DEZ,True,4877.0,846.0,5272.0
1995-01-01,1995,1,JAN,True,4497.0,512.0,5166.0
1995-02-01,1995,2,FEV,True,5179.0,499.0,5853.0
1995-03-01,1995,3,MAR,True,6745.0,790.0,7117.0
1995-04-01,1995,4,ABR,True,5496.0,608.0,6410.0
1995-05-01,1995,5,MAI,True,6088.0,757.0,6722.0
1995-06-01,1995,6,JUN,True,5977.0,489.0,8034.0
1995-07-01,1995,7,JUL,True,4543.0,957.0,7104.0
1995-08-01,1995,8,AGO,True,4948.0,875.0,6566.0
1995-09-01,1995,9,SET,True,4272.0,841.0,3892.0
1995-10-01,1995,10,OUT,True,4198.0,587.0,5901.0
1995-11-01,1995,11,NOV,True,3292.0,693.0,5215.0
1995-12-01,1995,12,DEZ,True,3499.0,658.0,2093.0
1996-01-01,1996,1,JAN,True,2848.0,348.0,3552.0
1996-02-01,1996,2,FEV,True,3553.0,398.0,4434.0
1996-03-01,1996,3,MAR,True,2953.0,843.0,4355.0
1996-04-01,1996,4,ABR,True,4168.0,447.0,4991.0
1996-05-01,1996,5,MAI,True,3561.0,689.0,3835.0
1996-06-01,1996,6,JUN,True,2918.0,620.0,3480.0
1996-07-01,1996,7,JUL,True,3541.0,603.0,3568.0
1996-08-01,1996,8,AGO,True,4050.0,906.0,4099.0
1996-09-01,1996,9,SET,True,3552.0,582.0,3389.0
1996-10-01,1996,10,OUT,True,3964.0,669.0,4978.0
1996-11-01,1996,11,NOV,True,3582.0,958.0,4014.0
1996-12-01,1996,12,DEZ,True,3444.0,820.0,3327.0
1997-01-01,1997,1,JAN,True,3768.0,560.0,3552.0
1997-02-01,1997,2,FEV,True,4151.0,571.0,3940.0
1997-03-01,1997,3,MAR,True,4622.0,824.0,4283.0
1997-04-01,1997,4,ABR,True,4781.0,901.0,4779.0
1997-05-01,1997,5,MAI,True,4269.0,1002.0,4741.0
1997-06-01,1997,6,JUN,True,4884.0,950.0,5382.0
1997-07-01,1997,7,JUL,True,5564.0,1212.0,6198.0
1997-08-01,1997,8,AGO,True,5176.0,999.0,5810.0
1997-09-01,1997,9,SET,True,5490.0,1005.0,6819.0
1997-10-01,1997,10,OUT,True,5838.0,1199.0,7629.0
1997-11-01,1997,11,NOV,True,3736.0,1191.0,6524.0
1997-12-01,1997,12,DEZ,True,2652.0,1712.0,3757.0
1998-01-01,1998,1,JAN,True,3842.0,1097.0,4658.0
1998-02-01,1998,2,FEV,True,3529.0,1262.0,4480.0
1998-03-01,1998,3,MAR,True,5414.0,1157.0,5406.0
1998-04-01,1998,4,ABR,True,4850.0,1372.0,5920.0
1998-05-01,1998,5,MAI,True,5132.0,1143.0,6671.0
1998-06-01,1998,6,JUN,True,5183.0,1086.0,6370.0
1998-07-01,1998,7,JUL,True,4890.0,1267.0,6550.0
1998-08-01,1998,8,AGO,True,4984.0,1147.0,5906.0
1998-09-01,1998,9,SET,True,4473.0,1369.0,5974.0
1998-10-01,1998,10,OUT,True,3686.0,1237.0,5193.0
1998-11-01,1998,11,NOV,True,3561.0,1232.0,4281.0
1998-12-01,1998,12,DEZ,True,3224.0,673.0,1855.0
1999-01-01,1999,1,JAN,True,4055.0,642.0,4463.0
1999-02-01,1999,2,FEV,True,3164.0,753.0,4234.0
1999-03-01,1999,3,MAR,True,4270.0,788.0,4862.0
1999-04-01,1999,4,ABR,True,4134.0,669.0,4165.0
1999-05-01,1999,5,MAI,True,4224.0,562.0,4752.0
1999-06-01,1999,6,JUN,True,4886.0,695.0,5107.0
1999-07-01,1999,7,JUL,True,4074.0,573.0,4437.0
1999-08-01,1999,8,AGO,True,4876.0,578.0,4735.0
1999-09-01,1999,9,SET,True,4640.0,604.0,4658.0
1999-10-01,1999,10,OUT,True,3866.0,691.0,4689.0
1999-11-01,1999,11,NOV,True,4376.0,1004.0,5485.0
1999-12-01,1999,12,DEZ,True,4100.0,827.0,3607.0
2000-01-01,2000,1,JAN,True,4189.0,404.0,3413.0
2000-02-01,2000,2,FEV,True,5570.0,1084.0,5078.0
2000-03-01,2000,3,MAR,True,5222.0,919.0,5635.0
2000-04-01,2000,4,ABR,True,5049.0,825.0,5612.0
2000-05-01,2000,5,MAI,True,6340.0,957.0,6784.0
2000-06-01,2000,6,JUN,True,6324.0,598.0,6339.0
2000-07-01,2000,7,JUL,True,5797.0,654.0,6462.0
2000-08-01,2000,8,AGO,True,6599.0,681.0,7657.0
2000-09-01,2000,9,SET,True,6047.0,686.0,7081.0
2000-10-01,2000,10,OUT,True,6439.0,512.0,7054.0
2000-11-01,2000,11,NOV,True,6443.0,665.0,5654.0
2000-12-01,2000,12,DEZ,True,5190.0,760.0,4345.0
2001-01-01,2001,1,JAN,True,5163.0,347.0,5544.0
2001-02-01,2001,2,FEV,True,5658.0,625.0,5921.0
2001-03-01,2001,3,MAR,True,7673.0,847.0,7941.0
2001-04-01,2001,4,ABR,True,6552.0,564.0,6575.0
2001-05-01,2001,5,MAI,True,6777.0,586.0,8059.0
2001-06-01,2001,6,JUN,True,6386.0,688.0,7155.0
2001-07-01,2001,7,JUL,True,5870.0,646.0,6903.0
2001-08-01,2001,8,AGO,True,6699.0,524.0,7123.0
2001-09-01,2001,9,SET,True,5943.0,523.0,5975.0
2001-10-01,2001,10,OUT,True,5318.0,481.0,6469.0
2001-11-01,2001,11,NOV,True,5847.0,336.0,5820.0
2001-12-01,2001,12,DEZ,True,5631.0,395.0,3766.0
2002-01-01,2002,1,JAN,True,5327.0,154.0,4826.0
2002-02-01,2002,2,FEV,True,4562.0,280.0,5345.0
2002-03-01,2002,3,MAR,True,5350.0,461.0,6350.0
2002-04-01,2002,4,ABR,True,5386.0,268.0,6792.0
2002-05-01,2002,5,MAI,True,6362.0,543.0,6443.0
2002-06-01,2002,6,JUN,True,5239.0,365.0,5536.0
2002-07-01,2002,7,JUL,True,5278.0,525.0,5938.0
2002-08-01,2002,8,AGO,True,4567.0,422.0,5581.0
2002-09-01,2002,9,SET,True,5351.0,648.0,5353.0
2002-10-01,2002,10,OUT,True,6584.0,546.0,5856.0
2002-11-01,2002,11,NOV,True,6232.0,496.0,6262.0
2002-12-01,2002,12,DEZ,True,5442.0,583.0,4072.0
2003-01-01,2003,1,JAN,True,4586.0,301.0,6266.0
2003-02-01,2003,2,FEV,True,5102.0,660.0,6838.0
2003-03-01,2003,3,MAR,True,5117.0,738.0,6763.0
2003-04-01,2003,4,ABR,True,5368.0,663.0,6111.0
2003-05-01,2003,5,MAI,True,5722.0,674.0,6320.0
2003-06-01,2003,6,JUN,True,5376.0,1139.0,5874.0
2003-07-01,2003,7,JUL,True,6041.0,1042.0,6228.0
2003-08-01,2003,8,AGO,True,5360.0,1025.0,6531.0
2003-09-01,2003,9,SET,True,5571.0,1282.0,6518.0
2003-10-01,2003,10,OUT,True,6354.0,1285.0,6932.0
2003-11-01,2003,11,NOV,True,5573.0,1554.0,7916.0
2003-12-01,2003,12,DEZ,True,5792.0,1322.0,5488.0
2004-01-01,2004,1,JAN,True,5464.0,1053.0,6245.0
2004-02-01,2004,2,FEV,True,5302.0,1483.0,7181.0
2004-03-01,2004,3,MAR,True,7087.0,2119.0,9212.0
2004-04-01,2004,4,ABR,True,6710.0,2127.0,8611.0
2004-05-01,2004,5,MAI,True,6728.0,2157.0,9116.0
2004-06-01,2004,6,JUN,True,6827.0,2180.0,8928.0
2004-07-01,2004,7,JUL,True,7002.0,2360.0,9351.0
2004-08-01,2004,8,AGO,True,7271.0,2201.0,9686.0
2004-09-01,2004,9,SET,True,7105.0,2127.0,9698.0
2004-10-01,2004,10,OUT,True,7163.0,1908.0,9110.0
2004-11-01,2004,11,NOV,True,6979.0,1857.0,9557.0
2004-12-01,2004,12,DEZ,True,7846.0,1644.0,8097.0
2005-01-01,2005,1,JAN,True,6273.0,1439.0,8019.0
2005-02-01,2005,2,FEV,True,5875.0,1930.0,8116.0
2005-03-01,2005,3,MAR,True,7368.0,2621.0,10200.0
2005-04-01,2005,4,ABR,True,7349.0,2187.0,9755.0
2005-05-01,2005,5,MAI,True,6824.0,2714.0,9888.0
2005-06-01,2005,6,JUN,True,7222.0,2802.0,10480.0
2005-07-01,2005,7,JUL,True,6906.0,2704.0,8409.0
2005-08-01,2005,8,AGO,True,6727.0,2907.0,9613.0
2005-09-01,2005,9,SET,True,6455.0,3259.0,10963.0
2005-10-01,2005,10,OUT,True,5834.0,4004.0,9931.0
2005-11-01,2005,11,NOV,True,6094.0,3995.0,10089.0
2005-12-01,2005,12,DEZ,True,6606.0,3070.0,7458.0
2006-01-01,2006,1,JAN,True,5858.0,1441.0,6052.0
2006-02-01,2006,2,FEV,True,4980.0,2513.0,7701.0
2006-03-01,2006,3,MAR,True,6617.0,3067.0,9893.0
2006-04-01,2006,4,ABR,True,5370.0,3143.0,7744.0
2006-05-01,2006,5,MAI,True,6603.0,3278.0,9729.0
2006-06-01,2006,6,JUN,True,5817.0,3013.0,8699.0
2006-07-01,2006,7,JUL,True,6137.0,3147.0,9066.0
2006-08-01,2006,8,AGO,True,6887.0,3193.0,9635.0
2006-09-01,2006,9,SET,True,6606.0,2934.0,8913.0
2006-10-01,2006,10,OUT,True,7065.0,2962.0,9014.0
2006-11-01,2006,11,NOV,True,6722.0,3021.0,9194.0
2006-12-01,2006,12,DEZ,True,7309.0,3371.0,7657.0
2007-01-01,2007,1,JAN,True,6235.0,1775.0,6945.0
2007-02-01,2007,2,FEV,True,5832.0,2505.0,8716.0
2007-03-01,2007,3,MAR,True,8018.0,3073.0,11148.0
2007-04-01,2007,4,ABR,True,7581.0,3105.0,10157.0
2007-05-01,2007,5,MAI,True,8796.0,3628.0,11804.0
2007-06-01,2007,6,JUN,True,7983.0,2977.0,11686.0
2007-07-01,2007,7,JUL,True,8762.0,3434.0,11975.0
2007-08-01,2007,8,AGO,True,9173.0,3625.0,13079.0
2007-09-01,2007,9,SET,True,8147.0,3013.0,11956.0
2007-10-01,2007,10,OUT,True,9748.0,3679.0,14168.0
2007-11-01,2007,11,NOV,True,9294.0,3377.0,13014.0
2007-12-01,2007,12,DEZ,True,9016.0,3920.0,9091.0
2008-01-01,2008,1,JAN,True,7989.0,1661.0,10391.0
2008-02-01,2008,2,FEV,True,8056.0,3197.0,12288.0
2008-03-01,2008,3,MAR,True,9468.0,2862.0,13671.0
2008-04-01,2008,4,ABR,True,11092.0,3057.0,13516.0
2008-05-01,2008,5,MAI,True,9912.0,2806.0,12954.0
2008-06-01,2008,6,JUN,True,10747.0,3275.0,14691.0
2008-07-01,2008,7,JUL,True,12087.0,2972.0,15547.0
2008-08-01,2008,8,AGO,True,11344.0,3998.0,16233.0
2008-09-01,2008,9,SET,True,11955.0,3710.0,16268.0
2008-10-01,2008,10,OUT,True,11980.0,3523.0,17690.0
2008-11-01,2008,11,NOV,True,9328.0,2630.0,14687.0
2008-12-01,2008,12,DEZ,True,8329.0,1140.0,5821.0
2009-01-01,2009,1,JAN,True,6334.0,702.0,7224.0
2009-02-01,2009,2,FEV,True,6429.0,1043.0,7163.0
2009-03-01,2009,3,MAR,True,8724.0,917.0,9375.0
2009-04-01,2009,4,ABR,True,8440.0,559.0,9374.0
2009-05-01,2009,5,MAI,True,7638.0,694.0,9356.0
2009-06-01,2009,6,JUN,True,8599.0,676.0,9394.0
2009-07-01,2009,7,JUL,True,9709.0,805.0,9507.0
2009-08-01,2009,8,AGO,True,8535.0,868.0,9344.0
2009-09-01,2009,9,SET,True,10095.0,1051.0,11477.0
2009-10-01,2009,10,OUT,True,11326.0,1065.0,12787.0
2009-11-01,2009,11,NOV,True,11194.0,1305.0,13805.0
2009-12-01,2009,12,DEZ,True,12804.0,1166.0,12188.0
2010-01-01,2010,1,JAN,True,9740.0,1004.0,11411.0
2010-02-01,2010,2,FEV,True,7925.0,1283.0,13302.0
2010-03-01,2010,3,MAR,True,13500.0,1800.0,16734.0
2010-04-01,2010,4,ABR,True,13632.0,1433.0,15498.0
2010-05-01,2010,5,MAI,True,13222.0,1951.0,15600.0
2010-06-01,2010,6,JUN,True,12987.0,1615.0,16107.0
2010-07-01,2010,7,JUL,True,14683.0,2602.0,17479.0
2010-08-01,2010,8,AGO,True,13246.0,1802.0,18300.0
2010-09-01,2010,9,SET,True,13224.0,1950.0,16485.0
2010-10-01,2010,10,OUT,True,13504.0,2273.0,16082.0
2010-11-01,2010,11,NOV,True,14566.0,1719.0,17395.0
2010-12-01,2010,12,DEZ,True,17478.0,1750.0,15540.0
2011-01-01,2011,1,JAN,True,12242.0,1547.0,13782.0
2011-02-01,2011,2,FEV,True,12731.0,1889.0,17723.0
2011-03-01,2011,3,MAR,True,14521.0,2008.0,16836.0
2011-04-01,2011,4,ABR,True,13512.0,2349.0,16343.0
2011-05-01,2011,5,MAI,True,15137.0,2817.0,20283.0
2011-06-01,2011,6,JUN,True,14795.0,2115.0,19754.0
2011-07-01,2011,7,JUL,True,15550.0,1686.0,19914.0
2011-08-01,2011,8,AGO,True,16459.0,2776.0,22647.0
2011-09-01,2011,9,SET,True,14957.0,2786.0,18544.0
2011-10-01,2011,10,OUT,True,13878.0,2608.0,19770.0
2011-11-01,2011,11,NOV,True,13436.0,2823.0,19410.0
2011-12-01,2011,12,DEZ,True,15652.0,1630.0,18596.0
2012-01-01,2012,1,JAN,True,13016.0,1192.0,3535.0
2012-02-01,2012,2,FEV,True,10929.0,2200.0,12209.0
2012-03-01,2012,3,MAR,True,13692.0,2185.0,15528.0
2012-04-01,2012,4,ABR,True,11113.0,1847.0,11128.0
2012-05-01,2012,5,MAI,True,10881.0,1987.0,11689.0
2012-06-01,2012,6,JUN,True,10776.0,2245.0,8818.0
2012-07-01,2012,7,JUL,True,10915.0,2173.0,12460.0
2012-08-01,2012,8,AGO,True,11466.0,2262.0,12896.0
2012-09-01,2012,9,SET,True,8551.0,2002.0,11053.0
2012-10-01,2012,10,OUT,True,12624.0,2195.0,13111.0
2012-11-01,2012,11,NOV,True,12608.0,1722.0,12070.0
2012-12-01,2012,12,DEZ,True,12603.0,1057.0,8906.0
2013-01-01,2013,1,JAN,True,12097.0,1373.0,12622.0
2013-02-01,2013,2,FEV,True,9966.0,975.0,13664.0
2013-03-01,2013,3,MAR,True,12285.0,1739.0,16533.0
2013-04-01,2013,4,ABR,True,13970.0,1883.0,18034.0
2013-05-01,2013,5,MAI,True,12636.0,2508.0,16378.0
2013-06-01,2013,6,JUN,True,13063.0,2415.0,16136.0
2013-07-01,2013,7,JUL,True,15144.0,2051.0,16623.0
2013-08-01,2013,8,AGO,True,13239.0,3002.0,19059.0
2013-09-01,2013,9,SET,True,12719.0,1679.0,17151.0
2013-10-01,2013,10,OUT,True,13391.0,2494.0,18498.0
2013-11-01,2013,11,NOV,True,11641.0,2212.0,14726.0
2013-12-01,2013,12,DEZ,True,14425.0,1870.0,7578.0
2014-01-01,2014,1,JAN,True,10778.0,1144.0,13776.0
2014-02-01,2014,2,FEV,True,10437.0,1778.0,15174.0
2014-03-01,2014,3,MAR,True,9241.0,1548.0,13844.0
2014-04-01,2014,4,ABR,True,10888.0,1692.0,12314.0
2014-05-01,2014,5,MAI,True,12710.0,1590.0,12695.0
2014-06-01,2014,6,JUN,True,10585.0,1570.0,8190.0
2014-07-01,2014,7,JUL,True,12388.0,1347.0,12322.0
2014-08-01,2014,8,AGO,True,10807.0,1690.0,11988.0
2014-09-01,2014,9,SET,True,11210.0,1583.0,11786.0
2014-10-01,2014,10,OUT,True,12172.0,1389.0,12394.0
2014-11-01,2014,11,NOV,True,12153.0,1560.0,11778.0
2014-12-01,2014,12,DEZ,True,13686.0,846.0,3704.0
2015-01-01,2015,1,JAN,True,7661.0,1169.0,8291.0
2015-02-01,2015,2,FEV,True,5153.0,1428.0,7648.0
2015-03-01,2015,3,MAR,True,6491.0,1793.0,7374.0
2015-04-01,2015,4,ABR,True,5789.0,1668.0,6864.0
2015-05-01,2015,5,MAI,True,6016.0,2154.0,6169.0
2015-06-01,2015,6,JUN,True,6181.0,1980.0,5284.0
2015-07-01,2015,7,JUL,True,6494.0,1774.0,6599.0
2015-08-01,2015,8,AGO,True,5809.0,1393.0,5283.0
2015-09-01,2015,9,SET,True,5927.0,2012.0,5819.0
2015-10-01,2015,10,OUT,True,5778.0,2077.0,6799.0
2015-11-01,2015,11,NOV,True,4735.0,2518.0,5350.0
2015-12-01,2015,12,DEZ,True,5618.0,1017.0,2582.0
2016-01-01,2016,1,JAN,True,4416.0,842.0,4158.0
2016-02-01,2016,2,FEV,True,3851.0,1675.0,5317.0
2016-03-01,2016,3,MAR,True,4843.0,1587.0,5661.0
2016-04-01,2016,4,ABR,True,4202.0,1697.0,5197.0
2016-05-01,2016,5,MAI,True,4076.0,1857.0,5332.0
2016-06-01,2016,6,JUN,True,4200.0,1718.0,5570.0
2016-07-01,2016,7,JUL,True,4684.0,1880.0,5091.0
2016-08-01,2016,8,AGO,True,4400.0,1499.0,5211.0
2016-09-01,2016,9,SET,True,4194.0,2502.0,4846.0
2016-10-01,2016,10,OUT,True,3444.0,1651.0,4635.0
2016-11-01,2016,11,NOV,True,3800.0,2206.0,5362.0
2016-12-01,2016,12,DEZ,True,4450.0,2434.0,4102.0
2017-01-01,2017,1,JAN,True,2948.0,1065.0,4482.0
2017-02-01,2017,2,FEV,True,2614.0,2122.0,5314.0
2017-03-01,2017,3,MAR,True,4104.0,2657.0,5952.0
2017-04-01,2017,4,ABR,True,3469.0,2469.0,5900.0
2017-05-01,2017,5,MAI,True,4105.0,2534.0,7576.0
2017-06-01,2017,6,JUN,True,4217.0,2784.0,6797.0
2017-07-01,2017,7,JUL,True,4535.0,2753.0,7093.0
2017-08-01,2017,8,AGO,True,4834.0,2634.0,8488.0
2017-09-01,2017,9,SET,True,4540.0,2404.0,7599.0
2017-10-01,2017,10,OUT,True,5029.0,2348.0,8241.0
2017-11-01,2017,11,NOV,True,5472.0,2302.0,8166.0
2017-12-01,2017,12,DEZ,True,6076.0,2148.0,7436.0
2018-01-01,2018,1,JAN,True,4561.0,1865.0,6707.0
2018-02-01,2018,2,FEV,True,4040.0,2709.0,7780.0
2018-03-01,2018,3,MAR,True,5933.0,2757.0,9947.0
2018-04-01,2018,4,ABR,True,6166.0,2736.0,9095.0
2018-05-01,2018,5,MAI,True,5626.0,1783.0,7423.0
2018-06-01,2018,6,JUN,True,5704.0,2511.0,8635.0
2018-07-01,2018,7,JUL,True,6591.0,2148.0,8855.0
2018-08-01,2018,8,AGO,True,7457.0,2161.0,9697.0
2018-09-01,2018,9,SET,True,6708.0,1794.0,9115.0
2018-10-01,2018,10,OUT,True,7897.0,1731.0,10858.0
2018-11-01,2018,11,NOV,True,7680.0,1392.0,10043.0
2018-12-01,2018,12,DEZ,True,7642.0,1055.0,7379.0
2019-01-01,2019,1,JAN,True,6987.0,520.0,6811.0
2019-02-01,2019,2,FEV,True,6876.0,806.0,9631.0
2019-03-01,2019,3,MAR,True,7601.0,1193.0,8319.0
2019-04-01,2019,4,ABR,True,8502.0,1104.0,9412.0
2019-05-01,2019,5,MAI,True,9128.0,1323.0,11230.0
2019-06-01,2019,6,JUN,True,7688.0,1045.0,9993.0
2019-07-01,2019,7,JUL,True,8942.0,1510.0,10918.0
2019-08-01,2019,8,AGO,True,9433.0,1353.0,10732.0
2019-09-01,2019,9,SET,True,9098.0,984.0,10406.0
2019-10-01,2019,10,OUT,True,9418.0,1499.0,11286.0
2019-11-01,2019,11,NOV,True,9064.0,1242.0,8764.0
2019-12-01,2019,12,DEZ,True,8598.0,973.0,5974.0
2020-01-01,2020,1,JAN,True,7285.0,893.0,7169.0
2020-02-01,2020,2,FEV,True,6412.0,897.0,9131.0
2020-03-01,2020,3,MAR,True,6438.0,969.0,8406.0
2020-04-01,2020,4,ABR,True,3954.0,217.0,403.0
2020-05-01,2020,5,MAI,True,4820.0,636.0,4054.0
2020-06-01,2020,6,JUN,True,8954.0,1187.0,5575.0
2020-07-01,2020,7,JUL,True,9543.0,1217.0,6820.0
2020-08-01,2020,8,AGO,True,8079.0,1116.0,7087.0
2020-09-01,2020,9,SET,True,7312.0,1568.0,9430.0
2020-10-01,2020,10,OUT,True,7909.0,1474.0,10902.0
2020-11-01,2020,11,NOV,True,9143.0,1426.0,11474.0
2020-12-01,2020,12,DEZ,True,9838.0,1643.0,10485.0
2021-01-01,2021,1,JAN,True,7538.0,1370.0,8805.0
2021-02-01,2021,2,FEV,True,7781.0,1958.0,11805.0
2021-03-01,2021,3,MAR,True,10759.0,1951.0,12472.0
2021-04-01,2021,4,ABR,True,9786.0,1887.0,13093.0
2021-05-01,2021,5,MAI,True,11498.0,1797.0,13908.0
2021-06-01,2021,6,JUN,True,11371.0,1768.0,14639.0
2021-07-01,2021,7,JUL,True,11974.0,1884.0,14801.0
2021-08-01,2021,8,AGO,True,12947.0,2068.0,14963.0
2021-09-01,2021,9,SET,True,11627.0,1976.0,13816.0
2021-10-01,2021,10,OUT,True,11048.0,2305.0,13733.0
2021-11-01,2021,11,NOV,True,10473.0,1800.0,14380.0
2021-12-01,2021,12,DEZ,True,11887.0,1935.0,12395.0
2022-01-01,2022,1,JAN,True,8706.0,1181.0,9463.0
2022-02-01,2022,2,FEV,True,8092.0,1455.0,11389.0
2022-03-01,2022,3,MAR,True,10056.0,2049.0,13531.0
2022-04-01,2022,4,ABR,True,9384.0,1986.0,10072.0
2022-05-01,2022,5,MAI,True,10396.0,2263.0,13947.0
2022-06-01,2022,6,JUN,True,10978.0,2204.0,13370.0
2022-07-01,2022,7,JUL,True,11555.0,2017.0,12724.0
2022-08-01,2022,8,AGO,True,12502.0,2335.0,17223.0
2022-09-01,2022,9,SET,True,11503.0,2487.0,14956.0
2022-10-01,2022,10,OUT,True,10797.0,3000.0,15582.0
2022-11-01,2022,11,NOV,True,10209.0,2466.0,15121.0
2022-12-01,2022,12,DEZ,True,12476.0,1815.0,14614.0
2023-01-01,2023,1,JAN,True,10457.0,1026.0,4049.0
2023-02-01,2023,2,FEV,True,8108.0,1650.0,8123.0
2023-03-01,2023,3,MAR,True,10051.0,1792.0,12325.0
2023-04-01,2023,4,ABR,True,7824.0,1001.0,7255.0
2023-05-01,2023,5,MAI,True,8223.0,1304.0,8392.0
2023-06-01,2023,6,JUN,True,7886.0,1389.0,7029.0
2023-07-01,2023,7,JUL,True,8369.0,1352.0,6749.0
2023-08-01,2023,8,AGO,True,9312.0,1434.0,9623.0
2023-09-01,2023,9,SET,True,8771.0,1519.0,8220.0
2023-10-01,2023,10,OUT,True,9413.0,1839.0,10478.0
2023-11-01,2023,11,NOV,True,9220.0,1555.0,10030.0
2023-12-01,2023,12,DEZ,True,10326.0,1085.0,8262.0
2024-01-01,2024,1,JAN,True,8207.0,625.0,7941.0
2024-02-01,2024,2,FEV,True,8330.0,1329.0,10162.0
2024-03-01,2024,3,MAR,True,9880.0,1368.0,11224.0
2024-04-01,2024,4,ABR,True,10754.0,1188.0,11656.0
2024-05-01,2024,5,MAI,True,9538.0,1288.0,11172.0
2024-06-01,2024,6,JUN,True,9978.0,1242.0,12236.0
2024-07-01,2024,7,JUL,True,11346.0,1496.0,11909.0
2024-08-01,2024,8,AGO,True,11526.0,1471.0,13101.0
2024-09-01,2024,9,SET,True,11456.0,1709.0,13210.0
2024-10-01,2024,10,OUT,True,12217.0,2148.0,14792.0
2024-11-01,2024,11,NOV,True,10169.0,1960.0,13170.0
2024-12-01,2024,12,DEZ,True,11447.0,2066.0,10679.0
2025-01-01,2025,1,JAN,True,9410.0,1019.0,8041.0
2025-02-01,2025,2,FEV,True,8967.0,2308.0,11970.0
2025-03-01,2025,3,MAR,True,9372.0,2620.0,11720.0
2025-04-01,2025,4,ABR,True,9343.0,2141.0,11020.0
2025-05-01,2025,5,MAI,True,9147.0,2831.0,12327.0
2025-06-01,2025,6,JUN,True,8507.0,2525.0,11293.0
2025-07-01,2025,7,JUL,True,10591.0,2759.0,12058.0
2025-08-01,2025,8,AGO,True,8915.0,2767.0,10096.0
2025-09-01,2025,9,SET,True,9797.0,2669.0,10107.0
2025-10-01,2025,10,OUT,True,10665.0,2345.0,10160.0
2025-11-01,2025,11,NOV,True,8916.0,2132.0,9601.0
2025-12-01,2025,12,DEZ,True,9849.0,868.0,5723.0
2026-01-01,2026,1,JAN,False,6484.0,1106.0,6813.0
2026-02-01,2026,2,FEV,False,6687.0,1169.0,7797.0
2026-03-01,2026,3,MAR,False,8825.0,2290.0,11133.0
2026-04-01,2026,4,ABR,False,8826.0,2088.0,9673.0
2026-05-01,2026,5,MAI,False,8420.0,2081.0,10488.0
2026-06-01,2026,6,JUN,False,9755.0,1932.0,10894.0
2026-07-01,2026,7,JUL,False,11645.0,2114.0,12109.0
2026-08-01,2026,8,AGO,False,10008.0,2197.0,11773.0
